<service>
	<id>ivenda.exe</id>
	<name>IVENDA</name>
	<description>Sistema de venda Ivenda</description>
	<executable>C:\Program Files\nodejs\node.exe</executable>
	<logmode>rotate</logmode>
	<argument>--harmony</argument>
	<argument>C:\Users\Vady\AppData\Roaming\npm\node_modules\node-windows\lib\wrapper.js</argument>
	<argument>--file</argument>
	<argument>C:\xampp\htdocs\Ivenda\server\src\app.js</argument>
	<argument>--log</argument>
	<argument>IVENDA wrapper</argument>
	<argument>--grow</argument>
	<argument>0.25</argument>
	<argument>--wait</argument>
	<argument>1</argument>
	<argument>--maxrestarts</argument>
	<argument>3</argument>
	<argument>--abortonerror</argument>
	<argument>n</argument>
	<argument>--stopparentfirst</argument>
	<argument>undefined</argument>
	<stoptimeout>30sec</stoptimeout>
	<workingdirectory>C:\xampp\htdocs\Ivenda\server\src</workingdirectory>
</service>