[
  {"id":"1","categoria_nome":"ANIMAIS","categoria_desc":"ANIMAIS","filename":null,"createdAt":"2019-01-03 18:45:55","updatedAt":"2019-01-03 18:45:55"},
  {"id":"2","categoria_nome":"BEBÉ","categoria_desc":"BEBÉ","filename":null,"createdAt":"2019-01-03 18:46:12","updatedAt":"2019-01-03 18:46:12"},
  {"id":"3","categoria_nome":"CASA","categoria_desc":"CASA","filename":null,"createdAt":"2019-01-03 18:46:23","updatedAt":"2019-01-03 18:46:23"},
  {"id":"4","categoria_nome":"CHARCUTARIA","categoria_desc":"CHARCUTARIA","filename":null,"createdAt":"2019-01-03 18:46:38","updatedAt":"2019-01-03 18:46:38"},
  {"id":"5","categoria_nome":"CONGELADOS","categoria_desc":"CONGELADOS","filename":null,"createdAt":"2019-01-03 18:46:53","updatedAt":"2019-01-03 18:46:53"},
  {"id":"6","categoria_nome":"FRESCOS","categoria_desc":"FRESCOS","filename":null,"createdAt":"2019-01-03 18:47:07","updatedAt":"2019-01-03 18:47:07"},
  {"id":"7","categoria_nome":"HIGIENE","categoria_desc":"HIGIENE","filename":null,"createdAt":"2019-01-03 18:47:21","updatedAt":"2019-01-03 18:47:21"},
  {"id":"8","categoria_nome":"LACTICINIOS","categoria_desc":"LACTICINIOS","filename":null,"createdAt":"2019-01-03 18:47:49","updatedAt":"2019-01-03 18:47:49"},
  {"id":"9","categoria_nome":"LIMPEZA","categoria_desc":"LIMPEZA","filename":null,"createdAt":"2019-01-03 18:48:00","updatedAt":"2019-01-03 18:48:00"},
  {"id":"10","categoria_nome":"MERCEARIA","categoria_desc":"MERCEARIA","filename":null,"createdAt":"2019-01-03 18:48:12","updatedAt":"2019-01-03 18:48:12"},
  {"id":"11","categoria_nome":"PADARIA\/PASTELARIA","categoria_desc":"PADARIA\/PASTELARIA","filename":null,"createdAt":"2019-01-03 18:48:41","updatedAt":"2019-01-03 18:48:41"},
  {"id":"12","categoria_nome":"PAPELARIA","categoria_desc":"PAPELARIA","filename":null,"createdAt":"2019-01-03 18:48:52","updatedAt":"2019-01-03 18:48:52"},
  {"id":"13","categoria_nome":"BEBIDAS","categoria_desc":"BEBIDAS","filename":null,"createdAt":"2019-01-03 18:49:13","updatedAt":"2019-01-03 18:49:13"},
  {"id":"14","categoria_nome":"OUTROS","categoria_desc":"OUTRAS CATEGORIAS","filename":null,"createdAt":"2019-01-18 12:18:04","updatedAt":"2019-01-18 12:18:04"}
  ]