[
  {"id":"1","fornecedor_nome":"ABDUL","fornecedor_nif":"123456798","fornecedor_endereco":"A.S.FILIPE","fornecedor_movel":"9999999","createdAt":"2019-01-03 18:51:01","updatedAt":"2019-02-11 15:49:12"},
  {"id":"2","fornecedor_nome":"ADEGA SA","fornecedor_nif":"200099337","fornecedor_endereco":"ACHADA GRANDE TRAZ","fornecedor_movel":"9999999","createdAt":"2019-01-03 18:52:51","updatedAt":"2019-01-03 18:52:51"},
  {"id":"3","fornecedor_nome":"IMPOFRUT","fornecedor_nif":"0","fornecedor_endereco":"ACHADA GRANDE TRAZ","fornecedor_movel":"9999999","createdAt":"2019-01-03 18:52:51","updatedAt":"2019-02-04 22:45:42"},
  {"id":"4","fornecedor_nome":"AGRO-POLON","fornecedor_nif":"247672408","fornecedor_endereco":"SAO DOMINGOS","fornecedor_movel":"9999999","createdAt":"2019-01-03 18:53:50","updatedAt":"2019-01-03 18:53:50"},
  {"id":"5","fornecedor_nome":"AGUAS DE RIBEIRAO","fornecedor_nif":"999999999","fornecedor_endereco":"SAO DOMINGOS","fornecedor_movel":"9999999","createdAt":"2019-01-03 18:54:20","updatedAt":"2019-01-03 18:54:40"},
  {"id":"6","fornecedor_nome":"AIRES BORGES","fornecedor_nif":"200126326","fornecedor_endereco":"FAZENDA","fornecedor_movel":"9999999","createdAt":"2019-01-03 18:55:07","updatedAt":"2019-01-03 18:55:07"},
  {"id":"7","fornecedor_nome":"ALMADA TAVARES","fornecedor_nif":"256282919","fornecedor_endereco":"SAO FILIPE","fornecedor_movel":"9999999","createdAt":"2019-01-03 18:56:13","updatedAt":"2019-01-03 18:56:13"},
  {"id":"8","fornecedor_nome":"AMY WANG","fornecedor_nif":"999999999","fornecedor_endereco":"TERRA BRANCA","fornecedor_movel":"9999999","createdAt":"2019-01-03 18:56:40","updatedAt":"2019-01-03 18:56:40"},
  {"id":"9","fornecedor_nome":"BACUS - SOCIEDADE DE VINHOS E LICORES, LDA","fornecedor_nif":"200099680","fornecedor_endereco":"ACHADA GRANDE FRENTE","fornecedor_movel":"9999999","createdAt":"2019-01-03 18:58:20","updatedAt":"2019-01-03 18:58:20"},
  {"id":"10","fornecedor_nome":"BEM SERVIR, LDA","fornecedor_nif":"259911917","fornecedor_endereco":"ACHADA GRANDE TRAZ","fornecedor_movel":"9999999","createdAt":"2019-01-03 18:58:55","updatedAt":"2019-01-03 18:58:55"},
  {"id":"11","fornecedor_nome":"CABRAL E MORAIS, LDA","fornecedor_nif":"200259008","fornecedor_endereco":"FAZENDA","fornecedor_movel":"9999999","createdAt":"2019-01-03 18:59:24","updatedAt":"2019-01-03 18:59:24"},
  {"id":"12","fornecedor_nome":"BIMEX, LDA","fornecedor_nif":"999999999","fornecedor_endereco":"ACHADA GRANDE TRAZ","fornecedor_movel":"9999999","createdAt":"2019-01-03 18:59:58","updatedAt":"2019-01-03 18:59:58"},
  {"id":"13","fornecedor_nome":"CABOPLAST, LDA","fornecedor_nif":"200133616","fornecedor_endereco":"ACHADA GRANDE TRAZ","fornecedor_movel":"9999999","createdAt":"2019-01-03 18:59:58","updatedAt":"2019-01-03 19:00:32"},
  {"id":"14","fornecedor_nome":"CASA RODRIGU","fornecedor_nif":"227192400","fornecedor_endereco":"ACHADA GRANDE FRENTE","fornecedor_movel":"9999999","createdAt":"2019-01-03 19:01:31","updatedAt":"2019-01-03 19:01:31"},
  {"id":"15","fornecedor_nome":"CAVIBEL, LDA","fornecedor_nif":"200102968","fornecedor_endereco":"PRAIA NEGRA","fornecedor_movel":"9999999","createdAt":"2019-01-03 19:02:08","updatedAt":"2019-01-03 19:02:08"},
  {"id":"16","fornecedor_nome":"CSK COMERCIO E DISTRIBUIÇÃO","fornecedor_nif":"999999999","fornecedor_endereco":"ACHADA GRANDE TRAZ","fornecedor_movel":"9999999","createdAt":"2019-01-03 19:02:54","updatedAt":"2019-01-03 19:03:44"},
  {"id":"17","fornecedor_nome":"CORIN - COMERCIO GERAL, LDA","fornecedor_nif":"200109740","fornecedor_endereco":"FAZENDA","fornecedor_movel":"9999999","createdAt":"2019-01-03 19:02:54","updatedAt":"2019-01-03 19:02:54"},
  {"id":"18","fornecedor_nome":"IMPORTEX","fornecedor_nif":"200230735","fornecedor_endereco":"ACHADA GRANDE FRENTE","fornecedor_movel":"9999999","createdAt":"2019-01-03 19:05:25","updatedAt":"2019-01-03 19:05:25"},
  {"id":"19","fornecedor_nome":"MOAVE - MOAGEM DE CABO VERDE","fornecedor_nif":"999999999","fornecedor_endereco":"ACHADA GRANDE FRENTE","fornecedor_movel":"9999999","createdAt":"2019-01-03 19:13:33","updatedAt":"2019-01-03 19:13:33"},
  {"id":"20","fornecedor_nome":"FORNECEDORES","fornecedor_nif":"999999999","fornecedor_endereco":"PRAIA","fornecedor_movel":"9999999","createdAt":"2019-01-03 19:15:40","updatedAt":"2019-01-03 19:15:40"},
  {"id":"21","fornecedor_nome":"UPRANIMAL","fornecedor_nif":"999999999","fornecedor_endereco":"PRAIA","fornecedor_movel":"9999999","createdAt":"2019-01-03 19:20:17","updatedAt":"2019-01-03 19:20:17"},
  {"id":"22","fornecedor_nome":"KHYM NEGOCE, LDA","fornecedor_nif":"999999999","fornecedor_endereco":"FAZENDA","fornecedor_movel":"9999999","createdAt":"2019-01-03 19:39:05","updatedAt":"2019-01-03 19:39:05"},
  {"id":"23","fornecedor_nome":"IRMAOS CORREIA, LDA","fornecedor_nif":"999999999","fornecedor_endereco":"FAZENDA","fornecedor_movel":"9999999","createdAt":"2019-01-03 19:43:04","updatedAt":"2019-01-03 19:43:04"},
  {"id":"24","fornecedor_nome":"MANUEL GOMES DOS ANJOS","fornecedor_nif":"999999999","fornecedor_endereco":"PLATEAU","fornecedor_movel":"9999999","createdAt":"2019-01-03 19:49:33","updatedAt":"2019-01-03 19:49:33"},
  {"id":"25","fornecedor_nome":"FAEX","fornecedor_nif":"999999999","fornecedor_endereco":"PRAIA","fornecedor_movel":"9999999","createdAt":"2019-01-03 19:52:38","updatedAt":"2019-01-03 19:52:38"},
  {"id":"26","fornecedor_nome":"SOPROBEL, LDA","fornecedor_nif":"999999999","fornecedor_endereco":"ACHADA GRANDE FRENTE","fornecedor_movel":"9999999","createdAt":"2019-01-03 19:58:45","updatedAt":"2019-01-03 19:58:45"},
  {"id":"27","fornecedor_nome":"PETER BASIL COMPANY, LDA","fornecedor_nif":"999999999","fornecedor_endereco":"PRAIA","fornecedor_movel":"9999999","createdAt":"2019-01-03 20:03:06","updatedAt":"2019-01-03 20:03:06"},
  {"id":"28","fornecedor_nome":"SUCUPIRA","fornecedor_nif":"999999999","fornecedor_endereco":"SUCUPIRA","fornecedor_movel":"9999999","createdAt":"2019-01-04 16:06:01","updatedAt":"2019-01-04 16:06:01"},
  {"id":"29","fornecedor_nome":"MONTEIRO E FILHOS","fornecedor_nif":"999999999","fornecedor_endereco":"PRAIA","fornecedor_movel":"9999999","createdAt":"2019-01-04 16:16:42","updatedAt":"2019-01-04 16:16:42"},
  {"id":"30","fornecedor_nome":"Padaria Vitória","fornecedor_nif":"999999999","fornecedor_endereco":"Praia","fornecedor_movel":"9999999","createdAt":"2019-01-09 13:01:07","updatedAt":"2019-01-09 13:01:07"},
  {"id":"31","fornecedor_nome":"MASTER FRUITS","fornecedor_nif":"999999999","fornecedor_endereco":"Praia","fornecedor_movel":"9999999","createdAt":"2019-01-11 12:34:42","updatedAt":"2019-01-11 12:34:42"},
  {"id":"32","fornecedor_nome":"ROMILA VERDURAS","fornecedor_nif":"999999999","fornecedor_endereco":"PRAIA","fornecedor_movel":"9999999","createdAt":"2019-01-11 12:43:41","updatedAt":"2019-01-11 12:43:41"},
  {"id":"33","fornecedor_nome":"HUANG","fornecedor_nif":"999999999","fornecedor_endereco":"PRAIA","fornecedor_movel":"9999999","createdAt":"2019-01-11 15:55:57","updatedAt":"2019-01-11 15:55:57"},
  {"id":"34","fornecedor_nome":"CASA FUNDO","fornecedor_nif":"999999999","fornecedor_endereco":"PRAIA","fornecedor_movel":"9999999","createdAt":"2019-01-11 15:59:38","updatedAt":"2019-01-11 15:59:38"},
  {"id":"35","fornecedor_nome":"LACTOPAIVA CABO VERDE, LDA","fornecedor_nif":"999999999","fornecedor_endereco":"PRAIA","fornecedor_movel":"9999999","createdAt":"2019-01-11 16:30:41","updatedAt":"2019-01-11 16:30:41"},
  {"id":"36","fornecedor_nome":"PRAIALIMENTAR","fornecedor_nif":"999999999","fornecedor_endereco":"Palmarejo-Praia","fornecedor_movel":"9999999","createdAt":"2019-01-11 16:36:55","updatedAt":"2019-02-27 13:52:16"},
  {"id":"37","fornecedor_nome":"ITOM-DISTRIBUIDORA, LDA","fornecedor_nif":"999999999","fornecedor_endereco":"PRAIA","fornecedor_movel":"9999999","createdAt":"2019-01-21 11:50:11","updatedAt":"2019-01-21 11:50:11"},
  {"id":"38","fornecedor_nome":"SEMEDO IMPOR\/EXPOR","fornecedor_nif":"999999999","fornecedor_endereco":"PRAIA","fornecedor_movel":"9999999","createdAt":"2019-01-21 14:19:39","updatedAt":"2019-01-21 14:19:39"},
  {"id":"39","fornecedor_nome":"ZHIXIANG LIN","fornecedor_nif":"999999999","fornecedor_endereco":"PRAIA","fornecedor_movel":"9999999","createdAt":"2019-01-22 12:47:10","updatedAt":"2019-01-22 12:47:10"},
  {"id":"40","fornecedor_nome":"SERIGNE GAYE COMERCIO GERLA, LDA","fornecedor_nif":"999999999","fornecedor_endereco":"PRAIA","fornecedor_movel":"9999999","createdAt":"2019-01-24 14:36:00","updatedAt":"2019-01-24 14:36:00"},
  {"id":"41","fornecedor_nome":"TECNICIL","fornecedor_nif":"999999999","fornecedor_endereco":"PRAIA","fornecedor_movel":"9999999","createdAt":"2019-01-25 13:20:43","updatedAt":"2019-01-25 13:20:43"},
  {"id":"42","fornecedor_nome":"PROLACT, LDA","fornecedor_nif":"999999999","fornecedor_endereco":"PRAIA","fornecedor_movel":"9999999","createdAt":"2019-01-25 13:31:09","updatedAt":"2019-01-25 13:31:09"},
  {"id":"43","fornecedor_nome":"NUNES INVEST, LDA","fornecedor_nif":"999999999","fornecedor_endereco":"PRAIA","fornecedor_movel":"9999999","createdAt":"2019-01-25 13:36:20","updatedAt":"2019-01-25 13:36:20"},
  {"id":"44","fornecedor_nome":"MINI MERCADO MATILDE","fornecedor_nif":"999999999","fornecedor_endereco":"PRAIA","fornecedor_movel":"9999999","createdAt":"2019-01-25 14:42:30","updatedAt":"2019-01-25 14:42:30"},
  {"id":"45","fornecedor_nome":"ALFREDO RAMO BRITO","fornecedor_nif":"999999999","fornecedor_endereco":"PRAIA","fornecedor_movel":"9999999","createdAt":"2019-01-25 14:48:21","updatedAt":"2019-01-25 14:48:21"},
  {"id":"46","fornecedor_nome":"FAMA-FABRICA DE MASSAS CV, SARL","fornecedor_nif":"0","fornecedor_endereco":"PRAIA ","fornecedor_movel":"000000","createdAt":"2019-02-02 10:23:39","updatedAt":"2019-02-02 10:23:39"},
  {"id":"47","fornecedor_nome":"AKI SI TRINKA 1 LANXI","fornecedor_nif":"123456789","fornecedor_endereco":"Terra Branca","fornecedor_movel":"9999999","createdAt":"2019-02-11 15:50:57","updatedAt":"2019-02-11 15:58:51"},
  {"id":"48","fornecedor_nome":"Popas Poupança","fornecedor_nif":"231580410","fornecedor_endereco":"Tira Chapéu","fornecedor_movel":"9274552","createdAt":"2019-03-01 10:50:08","updatedAt":"2019-03-01 10:50:08"}
  ]
  